0	Front cover	FL27542567	4015	5410
1	Flyleaf 001	FL27542576	4015	5410
2	Flyleaf 002	FL27542590	4015	5410
3	Flyleaf 003	FL27542607	4015	5410
4	Flyleaf 004	FL27542619	4015	5410
5	Flyleaf 005	FL27542626	4015	5410
6	Fol  001r	FL27542634	4015	5410
7	Fol  001v	FL27542645	4015	5410
8	Fol  002r	FL27542656	4015	5410
9	Fol  002v	FL27542667	4015	5410
10	Fol  003r	FL27542675	4015	5410
11	Fol  003v	FL27542685	4015	5410
12	Fol  004r	FL27542694	4015	5410
13	Fol  004v	FL27542703	4015	5410
14	Fol  005r	FL27542711	4015	5410
15	Fol  005v	FL27542716	4015	5410
16	Fol  006r	FL27542723	4015	5410
17	Fol  006v	FL27542733	4015	5410
18	Fol  007r	FL27542743	4015	5410
19	Fol  007r	FL27542751	4015	5410
20	Fol  008r	FL27542760	4015	5410
21	Fol  008v	FL27542769	4015	5410
22	Fol  009r	FL27542777	4015	5410
23	Fol  009v	FL27542782	4015	5410
24	Fol  010r	FL27542792	4015	5410
25	Fol  010v	FL27542797	4015	5410
26	Fol  011r	FL27542807	4015	5410
27	Fol  011v	FL27542817	4015	5410
28	Fol  012r	FL27542825	4015	5410
29	Fol  012v	FL27542833	4015	5410
30	Fol  013r	FL27542841	4015	5410
31	Fol  013v	FL27542849	4015	5410
32	Fol  014r	FL27542857	4015	5410
33	Fol  014v	FL27542871	4015	5410
34	Fol  015r	FL27542876	4015	5410
35	Fol  015v	FL27542884	4015	5410
36	Fol  016r	FL27542891	4015	5410
37	Fol  016v	FL27542900	4015	5410
38	Fol  017r	FL27542912	4015	5410
39	Fol  017v	FL27542927	4015	5410
40	Fol  018r	FL27542936	4015	5410
41	Fol  018v	FL27542945	4015	5410
42	Fol  019r	FL27542959	4015	5410
43	Fol  019v	FL27542972	4015	5410
44	Fol  020r	FL27542982	4015	5410
45	Fol  020v	FL27542991	4015	5410
46	Fol  021r	FL27543005	4015	5410
47	Fol  021v	FL27543018	4015	5410
48	Fol  022r	FL27543031	4015	5410
49	Fol  022v	FL27543039	4015	5410
50	Fol  023r	FL27543048	4015	5410
51	Fol  023v	FL27543057	4015	5410
52	Fol  024r	FL27543067	4015	5410
53	Fol  024v	FL27543077	4015	5410
54	Fol  025r	FL27543088	4015	5410
55	Fol  025v	FL27543099	4015	5410
56	Fol  026r	FL27543105	4015	5410
57	Fol  026v	FL27543116	4015	5410
58	Fol  027r	FL27543125	4015	5410
59	Fol  027v	FL27543138	4015	5410
60	Fol  028r	FL27543148	4015	5410
61	Fol  028v	FL27543162	4015	5410
62	Fol  029r	FL27543176	4015	5410
63	Fol  029v	FL27543183	4015	5410
64	Fol  030r	FL27543200	4015	5410
65	Fol  030v	FL27543214	4015	5410
66	Fol  031r	FL27543227	4015	5410
67	Fol  031v	FL27543237	4015	5410
68	Fol  032r	FL27543250	4015	5410
69	Fol  032v	FL27543259	4015	5410
70	Fol  033r	FL27543278	4015	5410
71	Fol  033v	FL27543292	4015	5410
72	Fol  034r	FL27543299	4015	5410
73	Fol  034v	FL27543310	4015	5410
74	Fol  035r	FL27543319	4015	5410
75	Fol  035v	FL27543328	4015	5410
76	Fol  036r	FL27543341	4015	5410
77	Fol  036v	FL27543357	4015	5410
78	Fol  037r	FL27543375	4015	5410
79	Fol  037v	FL27543389	4015	5410
80	Fol  038r	FL27543402	4015	5410
81	Fol  038v	FL27543421	4015	5410
82	Fol  039r	FL27543441	4015	5410
83	Fol  039v	FL27543458	4015	5410
84	Fol  040r	FL27543477	4015	5410
85	Fol  040v	FL27543490	4015	5410
86	Fol  041r	FL27543517	4015	5410
87	Fol  041v	FL27543531	4015	5410
88	Fol  042r	FL27543552	4015	5410
89	Fol  042v	FL27543564	4015	5410
90	Fol  043r	FL27543582	4015	5410
91	Fol  043v	FL27543594	4015	5410
92	Fol  044r	FL27543616	4015	5410
93	Fol  044v	FL27543632	4015	5410
94	Fol  045r	FL27543650	4015	5410
95	Fol  045v	FL27543669	4015	5410
96	Fol  046r	FL27543689	4015	5410
97	Fol  046v	FL27543703	4015	5410
98	Fol  047r	FL27543718	4015	5410
99	Fol  047v	FL27543739	4015	5410
100	Fol  048r	FL27543759	4015	5410
101	Fol  048v	FL27543774	4015	5410
102	Fol  049r	FL27543790	4015	5410
103	Fol  049v	FL27543810	4015	5410
104	Fol  050r	FL27543824	4015	5410
105	Fol  050v	FL27543844	4015	5410
106	Fol  050ar	FL27543858	4015	5410
107	Fol  050av	FL27543882	4015	5410
108	Fol  051r	FL27543897	4015	5410
109	Fol  051v	FL27543925	4015	5410
110	Fol  052r	FL27543938	4015	5410
111	Fol  052v	FL27543959	4015	5410
112	Fol  053r	FL27543973	4015	5410
113	Fol  053v	FL27543989	4015	5410
114	Fol  054r	FL27544005	4015	5410
115	Fol  054v	FL27544019	4015	5410
116	Fol  055r	FL27544037	4015	5410
117	Fol  055v	FL27544054	4015	5410
118	Fol  056r	FL27544069	4015	5410
119	Fol  056v	FL27544088	4015	5410
120	Fol  057r	FL27544107	4015	5410
121	Fol  057v	FL27544125	4015	5410
122	Fol  058r	FL27544139	4015	5410
123	Fol  058v	FL27544158	4015	5410
124	Fol  059r	FL27544169	4015	5410
125	Fol  059v	FL27544189	4015	5410
126	Fol  060r	FL27544199	4015	5410
127	Fol  060v	FL27544220	4015	5410
128	Fol  061r	FL27544237	4015	5410
129	Fol  061v	FL27544254	4015	5410
130	Fol  062r	FL27544268	4015	5410
131	Fol  062v	FL27544282	4015	5410
132	Fol  063r	FL27544302	4015	5410
133	Fol  063v	FL27544316	4015	5410
134	Fol  064r	FL27544334	4015	5410
135	Fol  064v	FL27544350	4015	5410
136	Fol  065r	FL27544364	4015	5410
137	Fol  065v	FL27544384	4015	5410
138	Fol  066r	FL27544398	4015	5410
139	Fol  066v	FL27544412	4015	5410
140	Fol  067r	FL27544425	4015	5410
141	Fol  067v	FL27544436	4015	5410
142	Fol  068r	FL27544450	4015	5410
143	Fol  068v	FL27544476	4015	5410
144	Fol  069r	FL27544487	4015	5410
145	Fol  069v	FL27544505	4015	5410
146	Fol  070r	FL27544521	4015	5410
147	Fol  070v	FL27544535	4015	5410
148	Fol  071r	FL27544554	4015	5410
149	Fol  071v	FL27544570	4015	5410
150	Fol  072r	FL27544583	4015	5410
151	Fol  072v	FL27544595	4015	5410
152	Fol  073r	FL27544604	4015	5410
153	Fol  073v	FL27544620	4015	5410
154	Fol  074r	FL27544626	4015	5410
155	Fol  074v	FL27544637	4015	5410
156	Fol  075r	FL27544651	4015	5410
157	Fol  075v	FL27544668	4015	5410
158	Fol  076r	FL27544685	4015	5410
159	Fol  076v	FL27544706	3943	5143
160	Fol  077r	FL27544724	4288	5470
161	Fol  077v	FL27544739	4015	5410
162	Fol  078r	FL27544759	4015	5410
163	Fol  078v	FL27544781	4015	5410
164	Fol  079r	FL27544799	4015	5410
165	Fol  079v	FL27544816	4015	5410
166	Fol  080r	FL27544832	4015	5410
167	Fol  080v	FL27544845	4015	5410
168	Fol  081r	FL27544865	4015	5410
169	Fol  081v	FL27544882	4015	5410
170	Fol  082r	FL27544895	4015	5410
171	Fol  082v	FL27544915	4015	5410
172	Fol  083r	FL27544924	4015	5410
173	Fol  083v	FL27544941	4015	5410
174	Fol  084r	FL27544959	4015	5410
175	Fol  084v	FL27544973	4015	5410
176	Fol  085r	FL27544988	4015	5410
177	Fol  085v	FL27545007	4015	5410
178	Fol  086r	FL27545017	4015	5410
179	Fol  086v	FL27545037	4015	5410
180	Fol  087r	FL27545057	4015	5410
181	Fol  087v	FL27545078	4015	5410
182	Fol  088r	FL27545088	4015	5410
183	Fol  088v	FL27545111	4015	5410
184	Fol  089r	FL27545127	4015	5410
185	Fol  089v	FL27545139	4015	5410
186	Fol  090r	FL27545155	4015	5410
187	Fol  090v	FL27545175	4015	5410
188	Fol  091r	FL27545194	4015	5410
189	Fol  091v	FL27545204	4015	5410
190	Fol  092r	FL27545226	4015	5410
191	Fol  092v	FL27545243	4015	5410
192	Fol  093r	FL27545258	4015	5410
193	Fol  093v	FL27545272	4015	5410
194	Fol  094r	FL27545288	4015	5410
195	Fol  094v	FL27545303	4015	5410
196	Fol  095r	FL27545318	4015	5410
197	Fol  095v	FL27545336	4015	5410
198	Fol  096r	FL27545351	4015	5410
199	Fol  096v	FL27545366	4015	5410
200	Fol  097r	FL27545384	4015	5410
201	Fol  097v	FL27545400	4015	5410
202	Fol  098r	FL27545422	4015	5410
203	Fol  098v	FL27545444	4015	5410
204	Fol  099r	FL27545464	4015	5410
205	Fol  099v	FL27545485	4015	5410
206	Fol  100r	FL27545497	4015	5410
207	Fol  100v	FL27545513	4015	5410
208	Fol  101r	FL27545530	4015	5410
209	Fol  101v	FL27545534	4015	5410
210	Fol  102r	FL27545538	4015	5410
211	Fol  102v	FL27545551	4015	5410
212	Fol  103r	FL27545582	4015	5410
213	Fol  103v	FL27545598	4015	5410
214	Fol  104r	FL27545619	4015	5410
215	Fol  104v	FL27545637	4015	5410
216	Fol  105r	FL27545659	4015	5410
217	Fol  105v	FL27545681	4015	5410
218	Fol  106r	FL27545703	4015	5410
219	Fol  106v	FL27545721	4015	5410
220	Fol  107r	FL27545739	4015	5410
221	Fol  107v	FL27545762	4015	5410
222	Fol  108r	FL27545778	4015	5410
223	Fol  108v	FL27545795	4015	5410
224	Fol  109r	FL27545816	4015	5410
225	Fol  109v	FL27545845	4015	5410
226	Fol  110r	FL27545861	4015	5410
227	Fol  110v	FL27545882	4015	5410
228	Fol  111r	FL27545902	4015	5410
229	Fol  111v	FL27545918	4015	5410
230	Fol  112r	FL27545934	4015	5410
231	Fol  112v	FL27545951	4015	5410
232	Fol  113r	FL27545971	4015	5410
233	Fol  113v	FL27545987	4015	5410
234	Fol  114r	FL27546005	4015	5410
235	Fol  114v	FL27546017	4015	5410
236	Fol  115r	FL27546040	4015	5410
237	Fol  115v	FL27546061	4015	5410
238	Fol  116r	FL27546073	4015	5410
239	Fol  116v	FL27546090	4015	5410
240	Fol  117r	FL27546115	4015	5410
241	Fol  117v	FL27546139	4015	5410
242	Fol  118r	FL27546159	4015	5410
243	Fol  118v	FL27546178	4015	5410
244	Fol  119r	FL27546193	4015	5410
245	Fol  119v	FL27546201	4015	5410
246	Fol  120r	FL27546218	4015	5410
247	Fol  120v	FL27546233	4015	5410
248	Fol  121r	FL27546253	4015	5410
249	Fol  121v	FL27546270	4015	5410
250	Fol  122r	FL27546286	4015	5410
251	Fol  122v	FL27546304	4015	5410
252	Fol  123r	FL27546325	4015	5410
253	Fol  123v	FL27546345	4015	5410
254	Fol  124r	FL27546367	4015	5410
255	Fol  124v	FL27546393	4015	5410
256	Fol  125r	FL27546412	4015	5410
257	Fol  125v	FL27546436	4015	5410
258	Fol  126r	FL27546459	4015	5410
259	Fol  126v	FL27546478	4015	5410
260	Fol  127r	FL27546499	4015	5410
261	Fol  127v	FL27546523	4015	5410
262	Fol  128r	FL27546554	4015	5410
263	Fol  128v	FL27546573	4015	5410
264	Fol  129r	FL27546600	4015	5410
265	Fol  129v	FL27546616	4015	5410
266	Fol  130r	FL27546637	4015	5410
267	Fol  130v	FL27546661	4015	5410
268	Fol  131r	FL27546689	4015	5410
269	Fol  131v	FL27546700	4015	5410
270	Fol  132r	FL27546719	4015	5410
271	Fol  132v	FL27546736	4015	5410
272	Fol  133r	FL27546751	4015	5410
273	Fol  133v	FL27546768	4015	5410
274	Fol  134r	FL27546783	4015	5410
275	Fol  134v	FL27546802	4015	5410
276	Fol  135r	FL27546816	4015	5410
277	Fol  135v	FL27546835	4015	5410
278	Fol  136r	FL27546853	4015	5410
279	Fol  136v	FL27546867	4015	5410
280	Fol  137r	FL27546884	4015	5410
281	Fol  137v	FL27546896	4015	5410
282	Fol  138r	FL27546914	4015	5410
283	Fol  138v	FL27546932	4015	5410
284	Fol  139r	FL27546956	4015	5410
285	Fol  139v	FL27546975	4015	5410
286	Fol  140r	FL27546991	4015	5410
287	Fol  140v	FL27547008	4015	5410
288	Fol  141r	FL27547025	4015	5410
289	Fol  141v	FL27547036	4015	5410
290	Fol  142r	FL27547067	4015	5410
291	Fol  142v	FL27547078	4015	5410
292	Fol  143r	FL27547097	4015	5410
293	Fol  143v	FL27547114	4015	5410
294	Fol  144r	FL27547136	4015	5410
295	Fol  144v	FL27547150	4015	5410
296	Fol  145r	FL27547172	4015	5410
297	Fol  145v	FL27547184	4015	5410
298	Fol  146r	FL27547208	4015	5410
299	Fol  146v	FL27547223	4015	5410
300	Fol  147r	FL27547236	4015	5410
301	Fol  147v	FL27547254	4015	5410
302	Fol  148r	FL27547276	4015	5410
303	Fol  148v	FL27547297	4015	5410
304	Fol  149r	FL27547320	4015	5410
305	Fol  149v	FL27547338	4015	5410
306	Fol  150r	FL27547357	4015	5410
307	Fol  150v	FL27547375	4015	5410
308	Fol  151r	FL27547399	4015	5410
309	Fol  151v	FL27547419	4015	5410
310	Fol  152r	FL27547435	4015	5410
311	Fol  152v	FL27547460	4015	5410
312	Fol  153r	FL27547483	4015	5410
313	Fol  153v	FL27547498	4015	5410
314	Fol  154r	FL27547516	4015	5410
315	Fol  154v	FL27547528	4015	5410
316	Fol  155r	FL27547552	4015	5410
317	Fol  155v	FL27547567	4015	5410
318	Fol  156r	FL27547589	4015	5410
319	Fol  156v	FL27547607	4015	5410
320	Fol  157r	FL27547627	4015	5410
321	Fol  157v	FL27547643	4015	5410
322	Fol  158r	FL27547663	4015	5410
323	Fol  158v	FL27547686	4015	5410
324	Fol  159r	FL27547702	4015	5410
325	Fol  159v	FL27547722	4015	5410
326	Fol  160r	FL27547743	4015	5410
327	Fol  160v	FL27547759	4015	5410
328	Fol  161r	FL27547780	4015	5410
329	Fol  161v	FL27547795	4015	5410
330	Fol  162r	FL27547814	4015	5410
331	Fol  162v	FL27547832	4015	5410
332	Fol  163r	FL27547852	4015	5410
333	Fol  163v	FL27547868	4015	5410
334	Fol  164r	FL27547882	4015	5410
335	Fol  164v	FL27547897	4015	5410
336	Fol  165r	FL27547920	4015	5410
337	Fol  165v	FL27547928	4015	5410
338	Fol  166r	FL27547954	4015	5410
339	Fol  166v	FL27547968	4015	5410
340	Fol  167r	FL27547983	4015	5410
341	Fol  167v	FL27548002	4015	5410
342	Fol  168r	FL27548027	4015	5410
343	Fol  168v	FL27548043	4015	5410
344	Fol  169r	FL27548060	4015	5410
345	Fol  169v	FL27548082	4015	5410
346	Fol  170r	FL27548096	4015	5410
347	Fol  170v	FL27548107	4015	5410
348	Fol  171r	FL27548124	4015	5410
349	Fol  171v	FL27548150	4015	5410
350	Fol  172r	FL27548169	4015	5410
351	Fol  172v	FL27548184	4015	5410
352	Fol  173r	FL27548201	4015	5410
353	Fol  173v	FL27548218	4015	5410
354	Fol  174r	FL27548232	4015	5410
355	Fol  174v	FL27548252	4015	5410
356	Fol  175r	FL27548274	4015	5410
357	Fol  175v	FL27548285	4015	5410
358	Fol  176r	FL27548299	4015	5410
359	Fol  176v	FL27548315	4015	5410
360	Fol  177r	FL27548336	4015	5410
361	Fol  177v	FL27548360	4015	5410
362	Fol  178r	FL27548387	4015	5410
363	Fol  178v	FL27548403	4015	5410
364	Fol  179r	FL27548428	4015	5410
365	Fol  179v	FL27548444	4015	5410
366	Fol  180r	FL27548468	4015	5410
367	Fol  180v	FL27548485	4015	5410
368	Fol  181r	FL27548505	4015	5410
369	Fol  181v	FL27548521	4015	5410
370	Flyleaf	FL27548536	4015	5410
371	Back cover	FL27548550	4015	5410