jts	score	witness	jts_text	witness_text
93b:1	0.10	029v:7	תכבה והנשמה שלהמ לא תעלה אל השמש שהוא האור הגנוז ותכיר את חסרונה	ת כעלה שחוא הכייח השללית גוישגת השגבי אלפי ולא תצמו אנתה
93b:2	0.08	028r:22	וביומ הששי היו מוכרחינ ללקוט לחמ משנה שיהיה להמ בשבת כי בשבת לא ימצאו	שזוכה להתלכ בטלית התחתונ שסורו גלית על אנת שיהיה
93b:3	0.10	028v:8	אותה כלומ בזה העולמ יש הכרח לאדמ לטרוח בתורה כי שהתורה לאלפ השביעי	לאמ קיא התורה טימ והטלית חוא החוא דמלל ארבע יסודות
93b:4	0.09	027v:23	שהוא עולמ הבא כמו שבא בקבלה מי שטרח בערב שבת יאכל בשבת וזהו שאמ	שילבש שעטני ולמ ייכל לחכנמ ולשונ שהוא חשלא חנא וחוא
93b:5	0.09	027v:23	הכתוב כי אלפ שנימ בעיניכ שהוא אלפ השביעי שיהיה העולמ חרב אמ כנ מי יאכל	שילבש שעטני ולמ ייכל לחכנמ ולשונ שהוא חשלא חנא וחוא
93b:6	0.13	026v:26	באותו אלפ שהוא השבת אמ לא טרח בערב שבת שהוא זה העולמ והשבתות כלומ	אעלה הוא גמהה על כל איל החיתאות שהונאתת לאטה לסיעל
93b:7	0.16	027v:8	עולמ הבא שהוא אלפ שנימ המ הכרובימ כלומ הצורות השכליות שהמ הנשמות	שהיח חכרכי וח חטרות השכליותת ואשת קנלת וחחומר יאשש
93b:8	0.07	027v:8	הטהורות יהיו כל אותו אלפ שנימ שכלימ נפרדימ כי גמ הכרובימ הוראה למציאות	שהיח חכרכי וח חטרות השכליותת ואשת קנלת וחחומר יאשש
93b:9	0.09	028v:6	המלאכימ ושהמ בעלי צורה וכלמ נמצאימ בעולמ קטנ כלומ תמצא כח הנק כרוב באדמ	קסת ואשס ואניאות חצורה חומ אנ הש ואכימות השכל חיא
93b:10	0.08	027r:2	הנק עולמ קטנ והמלאכ כנ כי נמצא בזה והיה משימ עמ זה שהוא המנ והכרוב	שהוא חנחאל ואכיה כמר ופשתי כליא עיצוט כליל אזה ואוה ילכנ
93b:11	0.09	026v:15	המטה אשר נהפכ לנחש הטעמ כי אילו הדברימ עניינ אחד והוראתמ אחת ומציאותמ	אותמ ד אלית חט גחוראתמ חל אה שאחמו בזכו התפילח גפ
93b:12	0.11	029r:6	אחת כי הכרוב אחד גדולה והעולמ חסד וכנה המנ חכמה וכתיב אמ לא בריתי יוממ	אשאי העיאי נטיו איייי ותואי כי חיבחימ הכו ל רי ת כי הס העולכ
93b:13	0.11	029r:12	ולילה המטה הנז והיא תורה שבכתב כי אינו מתבארת ההויה השכינה והתורה אלא	וינתה אללחרי הב ורת השבית שהייו כעור ללא כיאה הלור האו לאדת
93b:14	0.10	026v:5	באמצעות התורה שבעל פה וכנ בעולמ קטנ המ ואינ להמ מציאות זו זולתי זו המנ החכמה	חוא ההדר וה שבע לכל דאיניאותת וחול יימר האסתסו לכל וש שדי אור
93b:15	0.08	028v:8	האלהית אשר יוציא האדמ לפועל היא הצורה שהיא הכרוב וזה צורה מראה פעולתמ באדמ	לאמ קיא התורה טימ והטלית חוא החוא דמלל ארבע יסודות
93b:16	0.12	028v:6	באמצעות החמר והוא המטה הנהפכ לנחש הרי לכ כי מנ כרוב מטה שכל צורה וחמר	קסת ואשס ואניאות חצורה חומ אנ הש ואכימות השכל חיא
93b:17	0.12	028v:1	וזה עניינ סופ סיפור המחבר נשלמ סיפור שנימ עשר והוא הכרובימ	בעניינ גריליס תעשה לר אס אוה כעל שבל מס יש לכ אעט
93b:18	0.09	026v:2	נבוא לבאר סיפור שלש עשרה והוא ציונ היא למעלה מירושלימ אות שלא היה שומ	בי צירווו ירושלימ יואה שליאח וזחו שממ שאו ממס עיטכס
93b:19	0.23	026v:2	הרהור ירושלימ יראה שלמה וכוינ פתיחנ ליה פי ציונ רמז	בי צירווו ירושלימ יואה שליאח וזחו שממ שאו ממס עיטכס
93b:20	0.15	026v:2	לבינה וירושלימ רמז לגבורה ולכנ הוא למעלה שלא יהרהר בירושלימ שהוא הע לבנ תבוא	בי צירווו ירושלימ יואה שליאח וזחו שממ שאו ממס עיטכס
93b:21	0.17	026v:2	יראה שלמה כמלת ירושלימ ירושלימ שלמעלה מכוונת כנגד אותו שלמעלה כמו שאמרו	בי צירווו ירושלימ יואה שליאח וזחו שממ שאו ממס עיטכס
93b:22	0.11	026v:2	רז ל לכנ העומד בחוצה לארצ יכוינ לירושלימ שהוא הע ולציונ שהוא הבינה כי אינ לה	בי צירווו ירושלימ יואה שליאח וזחו שממ שאו ממס עיטכס
93b:23	0.09	027r:12	עבודה מעולה אלא יראה שלמה כי המעשיות אינמ כלומ אלא אמ כנ יכוינ כמו שהוא דומה	אלחאי בארמד וחואת אורח אגבנ גנריל האא אממ אל אחנות אלכינה
93b:24	0.07	026v:2	ביראה שלמה ולכנ אמ המחבר והיה כאשר ירימ משה ידו וגבר ישראל אינ ידיו שלמשה	בי צירווו ירושלימ יואה שליאח וזחו שממ שאו ממס עיטכס
93b:25	0.08	029r:17	עושות מלחמה וכו אלא יראה שלמה והיא עבודה שבלב והוא תפלה וכבר אמרו חכמ ז ל האומר	ואשפל לכחות האירביימ השבליא גטיי האסטית התדושות אריס ב
93b:26	0.10	026v:2	ירושלימ בכוונה כאילו קרא התורה כולה הטעמ כי ירושלימ בגימ תורה שבכתב ותורה	בי צירווו ירושלימ יואה שליאח וזחו שממ שאו ממס עיטכס
93b:27	0.21	026v:2	שבעל פה והו הע וזהו כי צירופ ירושלימ יראה שלמה וזהו שאו מרומ עיניכמ אל המחשבה	בי צירווו ירושלימ יואה שליאח וזחו שממ שאו ממס עיטכס
93b:28	0.17	026v:3	עד אמ נזר שמתפללינ שחרית מנחה ערבית שר מטטרונ ענני שדי שלא נמצא כלומ	היחשבח עד אמ זזרו שאת כללינ שחרית ערכית ואנחח ואשכיאימ
93b:29	0.15	026v:5	הכתר הוא הזוהר והשפע לכל המציאות והוא מקור והסתפקות לכל נושמ שדי מורה הסתפקות	חוא ההדר וה שבע לכל דאיניאותת וחול יימר האסתסו לכל וש שדי אור
93b:30	0.10	027v:17	ולכנ אמ שדי שהוא הכתר הוא המסתפק לעקנא מלכ עולמ אמ כנ נמצא שבזכות תפילת	א חחיא וחנרי ומז ינק שהוא הכח השכלי ייננ אשדי
93b:31	0.18	026v:8	שחרית מנחה ערבית ממשיכ הברכה מנ המקור אל שר הפנימ שהוא הע ועל זה רשמ	הפניס שהוא חע ועז רשס הוחכר ראלי תימת אלחרית אנחה
93b:32	0.11	026v:8	המחבר ראשי תיבות שחרית מנחה ערבית כלומ שר מטטרונ ענני כי	הפניס שהוא חע ועז רשס הוחכר ראלי תימת אלחרית אנחה
93b:33	0.09	026v:7	בזכות שאדמ מתפלל ג פעמימ ביומ בכוונה ממשיכ הברכה מנ המקור אל שר הפנימ שהוא	שטכות תפיות שמרית אנחח עיפית אאשינ הנרכחי אנ האקור אל אלי
93b:34	0.10	026v:11	הע והוא ענה אותנו ואחר ככ כתב המחבר צירופ אחר המורה אל מה שאמרנו	הוא יענד מות או ועו כת המחנר אחר זה כיחי ולחר החורה
93b:35	0.43	026v:12	באומרו אינ על שדי אהיה וכשתשימ תחילתכ וסופכ במקומ אחד כלו אמ תשימ תחילתכ	אל אח שאארט בממר אינ על שדי אהיה וכלתשימ תחילתנ וסופר
93b:36	0.11	026v:2	וסופכ מנ הד מילות שהמ שאו מרומ עיניכמ תמצא מכח צירופ האותיות	בי צירווו ירושלימ יואה שליאח וזחו שממ שאו ממס עיטכס
93b:37	0.11	026v:15	מנ הראש והסופ אותנ ארבע מילות הנז לעיל והוראתמ אל מה שאמרנו	אותמ ד אלית חט גחוראתמ חל אה שאחמו בזכו התפילח גפ
93b:38	0.10	026v:4	בזכות התפילה ג פעמימ ביומ כי מלת אינ מורה העלמה והשלמה תורה ותפלה	כי טכת התפילות חאילו ככח אנוייח שרי מלו עזלמ לליוא חכתר
93b:39	0.11	027r:11	נמשכת הברכה מנ העלמ שדי מורה כי מי שמקיימ מאה ברכות בכל יומ אז	על אס מקל שפע אנ התת הנקי ייי מיש אלחאה אנ הע חטו
93b:40	0.35	026v:18	שמחצבמ בכתר יתברכו העשר הויות כי כל אחת כלולה מעשר שדי ר ל	בבתי יתברכו חעשר חוייו כי כל אחת כלולה אכלס אי אור
93b:41	0.09	026v:6	מורה הסתפקות אהיה מורה כי אותו העולמ הנק אינ עולמ שהמ תמשכ השפע	ההסתביית ולמנ שי שהימ הנט וחוח אסתבו נקרא מלר עלס את נימ
93b:42	0.31	026v:20	שדי שהוא ההסתפקות לא יעדר כלל כי מלת אהיה מורה מציאות קיימ ולא	משכע שכי שהוא ההסבפות לא יעזר כלל כי אלת אחיה אירה
93b:43	0.28	026v:21	יעדר וכל זה בזכות שחרית מנחה ערבית וירושלימ הרימ סביב לה פי	אכאית וייס ולא יעדר וכ זד בכות אלחרית אנחה יערנית וירשלימ
93b:44	0.14	026v:22	כמו שאתה רואה מצוייר סביב מלכות שהיא ירושלימ שלמעלה וההרימ המ	שלמטה הריס סמנ לה כי כאו אתה רימח אלנייר טכינ אל מת
93b:45	0.15	029r:26	חותמות ההויות העליונות ומסככימ אותמ בזוהר ההוא והוא על הר גבוה	יתחו עבאו אנ התאיית המאריות ילו יהיה מינ לפכל הזוהר ההוא
93b:46	0.15	026v:26	כלומ ירושלימ שלמעלה היא גבוה מכל אילו החותמות שהמ יצאתמ למטה	אעלה הוא גמהה על כל איל החיתאות שהונאתת לאטה לסיעל
93b:47	0.28	026v:27	ופועל ועליו כמבנה עיר גדולה כלומ על ירושלימ שלמעלה שהיא הר	ועליו כאמנה עיר גמלה כוא על ירואלליס ישלא עלה חוא חר חכית
93b:48	0.11	026v:28	הכתר עיר גדולה והיא ציונ הרומז לבינה אח היסוד ומנגב דר הכית	עיר גמלמ ומיא ביינ הראז לכשיאו הוסוז ואנגנ חר חכת שהיא
93b:49	0.21	027r:1	שהיא הע יש אשה אחת שרוצה להרוס הב הבית ושמה שעטנז בת חמור	הע שמשה אחת שרינח לחרומ הר חכית ושאח שעטני נת חאור
93b:50	0.21	027r:2	שהוא הנחש ואביה צמר ופשתימ כלומ שמעורבימ מכל מזה ומזה ולכנ	שהוא חנחאל ואכיה כמר ופשתי כליא עיצוט כליל אזה ואוה ילכנ
93b:51	0.15	027r:3	אינו מבחינ בינ טוב לרע מפני העירוב ומבלה הכל אפי הטובימ לכנ נקרא	איע אנחינ נ טינ לרע אבני הערכוס ואכלח הכל מש הטוכי לכנ
93b:52	0.14	028r:10	חמור ולכנ כתב המחבר מיכל כשור כי כלאימ צירופו מיכל ולכנ לא תלבש	ארכע עכי כלולת אינ חכוללימ צומת העליונת ואז יינר אחתס לאתנ
93b:53	0.13	027r:5	צמר ופשתימ יחדיו ולא תהיה פורצ ואינ המשכבה כי שעטנז אשה עזה	לכ לא תלש באר נפשתס יחדיו ילא תחיח פורנ גדר חארכח כי
94a:1	0.07	027r:6	ופרוצה וראשה עגולה והכרסה גדולה וצועקת הב הב לעלוקה שתי בנות	שעטנו אשח עזח ופריצח וממאלח מגילח ודמרנית גדילה וכו עקז
94a:2	0.15	027r:2	צמר ופשתימ עירוביא ואיש מלחמה כמראה נחושת קלל תבינ העניינ הזה	שהוא חנחאל ואכיה כמר ופשתי כליא עיצוט כליל אזה ואוה ילכנ
94a:3	0.12	027r:8	כי הוא קשה הרי לכ שהמחבר שמ מיכאל לצד מערב וגבריאל לצד מזרח כי גבורה	כאימה נישת קלי תמנ העניינ חזה כי האמ קשה הרי לי שהאחכר
94a:4	0.24	027r:10	סודו אריה אריה שאג מי לא יירא אמ כנ איש מלחמה הוא גבריאל ונקרא איש	ארד אמג אי לא ייוא אכ איש אלחאח חוא גטיאל ונקרא מיש
94a:5	0.24	027r:11	על שמ שמקבל שפע מנ הת ת הנק ה איש מלחמה מנ הע הנק מלחמה	על אס מקל שפע אנ התת הנקי ייי מיש אלחאה אנ הע חטו
94a:6	0.09	027r:12	כמראה נחושת מורה שגמ גבריאל הוא אחד מד מחנות שכינה הנרמזת	אלחאי בארמד וחואת אורח אגבנ גנריל האא אממ אל אחנות אלכינה
94a:7	0.11	027r:14	במלת נחושת היא מדה רכה אבל גבריאל כלול מנ הפועלימ וראייה לדבר ופתיל	ומוייה לזנב ופתכל בלדיו פירו כי חפתיל ראו לע ופשתינו ראה
94a:8	0.26	027r:14	פשתימ בידו כי ופתיל רמז לע ופשתימ רמז לת ת שהוא בד ולא צמר כלומ	ומוייה לזנב ופתכל בלדיו פירו כי חפתיל ראו לע ופשתינו ראה
94a:9	0.11	027v:18	בלא עירוביא הה ד והנה איש אחד לבוש הבדימ על שיונק מנ הכ ד שהוא	אאו שהוא חשכל הטעל ההי אפי עולליס ויו נקיס שחס
94a:10	0.15	027r:17	תת וזרועותיו ומרגלותיו הוא משל על הפעולות שהתהוות מהמ אינ הנביא	אשל אל חסעולמ חאתחוות אאו מינ הנביא יכול ליאמ כעלת
94a:11	0.14	027r:18	יכול ליחס פעולות למלאכימ שאינמ גופ אלא ביחס הכלימ הגופניימ ואמ שאילו	ולאלא כיס שמינכג גנז אלמ מיחמ דכליס הגי כניס ואא שאילו
94a:12	0.11	027r:19	הפעולות הנמשכות מנ גבריאל המ באימ אליו מנ הע הנק נחושת וקנה	הפעלת השאכת אנ גצריא חס נאיס אליו אנ הע דטקא וחאלת
94a:13	0.17	027r:20	המדה שהוא החוט והזוהר הנמשכ מנ הת ת בידו וזה המלאכ עומד בשער	יער אחי שהא חחוש והמחר הששנ אנ התת כידו וזה האלאכ פי
94a:14	0.21	027r:21	שהוא הע ובתוכ האיש שהוא גבריאל שיש לו קנה המדה אותו קנה המדה	וכריל עואד שער אלחוא חע גכד חא יש שהוא גנכיא שיש לי ונה
94a:15	0.21	027r:22-23	שהוא החוט והזוהר שש אמות ר ל הקנה האמצעי הכלול משש קצוות ולכנ	האהה מירמ קנח האהה שמוא חחיט והזוחר שש אאית רל הונה האמנעי חכלל אשש קצות ולכנ נקנמ נד והכינ לא היח נכנס
94a:16	0.14	027r:23	נקרא בד בקודש הקדשימ והכהנ לא היה נכנס בעירוביה שהוא צמר	האמנעי חכלל אשש קצות ולכנ נקנמ נד והכינ לא היח נכנס
94a:17	0.14	027r:24	ופשתימ אלא בד לבד ועל זה אסרה תורה לא תחרוש בשור ובחמור	בקידש הקושיס כשנוטיא שחוא באר ופשתימ מלא בגדי חנמ לנר ועל
94a:18	0.11	027v:1	יחדיו עמ אזהרה כהנ שלא יכנס לעשות העבודה בקודש הקדשימ בצמר	בנמ לעשית חעטוח בקוא הקדשי בצאר גפשתיכו שאכ היו טקמנ
94a:19	0.14	027r:2	ופשתימ שאמ היו נזקקינ זה לזה הפחד שהוא שור עמ עשו שהוא חמור	שהוא חנחאל ואכיה כמר ופשתי כליא עיצוט כליל אזה ואוה ילכנ
94a:20	0.27	027v:3	היו מחריבינ כל העולמ ומאצילות שניהמ נאצל כח אחר הנק שעטנז	אכלות שניה נאכל כח אחר חנקרמ שעטנו וחעו חונ לארכנה סבינ
94a:21	0.21	027v:4	והוא חוצ למרכבה סביב הר הבית והוא ינגח החמור פי השור	הר הכת והומ יעח החאיר פי השזר שחיח כח יעזי את החאיר שהוא
94a:22	0.10	027v:4	שהוא פחד ינגח החמור שהוא סמאל שלעשו שהוא אשה רכיל אשת שלעטנ	הר הכת והומ יעח החאיר פי השזר שחיח כח יעזי את החאיר שהוא
94a:23	0.09	027v:18	והיא אוכלת כל האישימ כי במשמרה ראשונה חמור נוער הוא החמר	אאו שהוא חשכל הטעל ההי אפי עולליס ויו נקיס שחס
94a:24	0.11	027v:21	הגופני הנק בשפנ והוא הנפש המתאווה והוא מגביר את עצמו	האתעלית לאעלח בשנדי הנקמיי יונקינ והנטיבו חנ חב
94a:25	0.10	027r:21	במשמרה ראשונה הנרמזת לחסד שהוא הכרובימ והמ הצורות העליונות	וכריל עואד שער אלחוא חע גכד חא יש שהוא גנכיא שיש לי ונה
94a:26	0.17	027v:9	ומשמ קבלתמ החומר וימשש אז כאשר ימשש העור כי החומר אינ לו כח	כמשר יאשש העיר כי החאיר מינ לי בח לחשינ מורו שאשנ
94a:29	0.19	027v:11	להשיג בזוהר שמשיג את הצורה השכלית כי משמרה שניה כלבימ צועקימ שהוא הפחד והוא הקטורת המורה אל הרוח העולה	שעק שחוא חפמד וחוא הקטוות חאירה אל הרוח העולה לאעו
94a:30	0.20	027v:12	למעלה והכלבימ שהמ הכחות החומריות כמו הכח המדמה והמרגיש ושאר	והכלט שחפ חכחיו החאריו כי הכח האראה והארגי ש ואמר
94a:31	0.27	027v:13	הכחות שיש להמ קצת שתופ לזה ולזה הוא קצת רוחני וקצת גופני ובאותה	הכחות שיש לחס לכת שיתוגו לוה ולזה חוא לגת רוחי נא ווצת
94a:32	0.17	027v:14	המשמרה צועקימ ומרגישימ מעט יותר מנ החומר ועל כנ צועקימ כדא	יפע גנאיתמ אשמיח נועקי וארגישי אעט אתו אנ החואר
94a:33	0.13	027v:15-16	דברי חכמימ בנחת נשמעימ ומשמרה שלישית אשה מספרת עמ	על כנ אערס בדמ צברי חכאלי עחת נשאעיס וכ ואשארה שיישית אשח אמ פריי ע בעלח וחיח תת עמ הע פנ אתיית
94a:34	0.11	027v:10	בעלה כלומ כשהע עמ הת ת מתייחדימ אז החומר והצורה ואז תינוק שהוא	זו הצורה השיות כי הנחש השיאונ וכאשארח שפיה כלט
94a:35	0.41	027v:17-18	הכח השכלי יונק משדי אמו שהוא השכל הפועל הה ד מפי עוללימ ויונקימ	א חחיא וחנרי ומז ינק שהוא הכח השכלי ייננ אשדי אאו שהוא חשכל הטעל ההי אפי עולליס ויו נקיס שחס
94a:36	0.34	027v:20	שהמ הכחות השכליות בסיבת התעוררות יסדת עוז שהוא מלכות	הכחות השכליתת נסינת התעזררות יסית עז
94a:37	0.18	027v:18	המתעלה למעלה בעוללימ הנקראימ יונקימ והכרובימ הנקראימ עוללימ	אאו שהוא חשכל הטעל ההי אפי עולליס ויו נקיס שחס
94a:38	0.21	027v:22-23	והמ כלמ בעולמ הקטנ כאשר עיניכ רואות ושומ אדמ שילבש שעטנז	עולליבת וחס סלס בשלת הקטנ כמאלר עישר אאות ואומ מוס שילבש שעטני ולמ ייכל לחכנמ ולשונ שהוא חשלא חנא וחוא
94a:39	0.14	027v:23	לא יוכל ליכנס לציונ שהוא עולמ הבא עד מאי תקנתיה גדילימ	שילבש שעטני ולמ ייכל לחכנמ ולשונ שהוא חשלא חנא וחוא
94a:40	0.22	027v:24-25	תעשה לכ על ארבע כנפות ד צורות שהמ תחת השמימ והמ מעשה	כנ ואמי תקנמ זדילי תעשח לק על מרבע בנפות שהח צורות תחת השמיא והס אעלה עטת סוא אי שלא חשגיח
94a:41	0.12	027v:25	עבות כלומ מי שלא השגיח בפעולות הנמשכות מנ הצורה והמ זכות	צורות תחת השמיא והס אעלה עטת סוא אי שלא חשגיח
94a:42	0.07	027r:2	ולבנות כמו הפשתנ הפשתימ עמ בפעולות הנמשכות מנ החומר והמ	שהוא חנחאל ואכיה כמר ופשתי כליא עיצוט כליל אזה ואוה ילכנ
94a:43	0.15	028r:13	מדורגות אל הצמר שהוא מתגדל בכח חמרי אמנמ הפשתימ בכח	לר יאו תכנמ לעיר שהא ניונ שהוא אוי מנילית חש כל כשתאלה
94b:1	0.18	028r:1	ארציי ואינ לו תאוה כלל ולא השגיח בפעולותיהמ לא בעירבוביא	הלגיח בכעייותיה אומ נעדמט ואינ לעשי כנ אלא לתת לכל אחד
94b:2	0.26	028r:1	ראוי לעשות כנ לא לתת לכל אחד חלקו כאשר ראוי לו ומאי תקנתיה לתת	הלגיח בכעייותיה אומ נעדמט ואינ לעשי כנ אלא לתת לכל אחד
94b:3	0.36	028r:2	לכל אחד חלקו ולא יעבור על לא תלבש גדילימ תעשה לכ כי זה הטלית	חלקו ילא יעמר על לא תלנאל גדיליכת תפשה לר כי ז חטלית שסורו
94b:4	0.21	028v:8	מסבב מבחוצ והמ ארבע יסודות המחבל בארבע צורות שהמ תחת	לאמ קיא התורה טימ והטלית חוא החוא דמלל ארבע יסודות
94b:5	0.23	028r:4	השמימ והמ י ב מזלות והמ נחלקימ לארבע כי כל רוח יש לה ג איכיות	אולות וחס נחליי לארכע בי כל אר יש לה ג איטודא וחכ אויר אימ
94b:6	0.08	028v:6	והמ אויר מימ אש וסימנמ אמ ש וסימנמ אדמ מלאכ שטנ וסימנמ חומר צורה	קסת ואשס ואניאות חצורה חומ אנ הש ואכימות השכל חיא
94b:7	0.18	028r:2	שכל שכל זמנ שכל כנפ מנ הטלית שסודו החמר נמצא גדילימ שהמ ממשכה	חלקו ילא יעמר על לא תלנאל גדיליכת תפשה לר כי ז חטלית שסורו
94b:8	0.11	028r:8	בגבול שסודמ אמ ש אז יש לכ רשות לחרוש בשור ובחמור מאחר שיש חוט	שהמ אעשח עטת יסירס אמש מזי ייי לו לאות לחדיל כשור וחאיר
94b:9	0.23	028r:9	משולש כי החוט המשולש לא במהרה ינתק ואז יהיו ארבע כנפות כלולות מי ב	אאחר יא חיט אאלילמ כי החוט המאלל לא כאחרה ינתק ומז יחימ
94b:10	0.19	028r:10	גבולימ הכוללימ הצורות העליונות וראיתמ אותו הכח השכלי מאחר שהוא	ארכע עכי כלולת אינ חכוללימ צומת העליונת ואז יינר אחתס לאתנ
94b:11	0.33	028r:11-12	עבות ולא תתורו אחרי שעטנז שסודו שטנ עז לא אמ תרצה לראות אותו	הסו חשסי אלחר שדח עמת ולא תתורו אחרי שעטע שפורי אלסח שטנ עז אלא א תרנח לימית אותו לבורר הוייו גדיליכו תעשח
94b:12	0.21	028r:13	לצורכ הקיומ גדילימ תעשה לכ ואז תכנס לעיר שהוא ציונ שהיא מקומ אצילות	לר יאו תכנמ לעיר שהא ניונ שהוא אוי מנילית חש כל כשתאלה
94b:13	0.17	028r:14	השכל כשתעשה עבות על קבוצ בגדיכ שהמ ד יסודות ובהתקבצ יהיה חומר	עסת על קפנ נגדיר שסס ז יסומת ובהתקפנ ידיח יואר
94b:14	0.24	028r:15	אומנמ תזהר שאותו הקבוצ יהיה עבות ואז וראיתמ למעלה ולמטה וזה	מאנס תזחר שאות הקיבינ יהיה עמת ומז וכמת למטה ולאעלה
94b:15	0.44	028r:16	מבואר ויהיו בגדיכ לבנימ כלומ כשיהיו כל כנפ עבות אז יהיו בגדיכ	וזה אסאר וידיו בגדיק לעי כלוא כשיהיו כל כנוז עמות מו יהיו
94b:16	0.21	028r:17	שהמ ארבע יסודות לבנימ הזהיר בציצית עליו יציצ נזרו כלומ מי	נגדנ א ארכעו יסודית לני חזרי בנני עיו יטנ נזרו כלומ
94b:17	0.12	028r:18	שהוא צריכ לשמור ביותר קבוצ שהמ ד יסודות והמ כנגד ד מחנות ציצית	מי אלחוא זריו לאאור עת וכילי אהמ ד יסורת וחכו כנגד
94b:18	0.16	028r:22	שלכנ יציצ נזרו שהוא השכל הפועל ומי שזוכה לטלית שסודו גלגל ההויות	שזוכה להתלכ בטלית התחתונ שסורו גלית על אנת שיהיה
94b:19	0.18	028r:20	עבות זוכה לטלית נאה מאותנ שעושינ בציונ בסוכות וציצ ר ל כי	סירי גלי להיות עבאת יזבה למלית נאה אמותנ שעישימ בניונ
94b:20	0.42	028r:22	הצורה המתלבשת בציצית ר ל מי שזוכה להתלבש בטלית התחתונ שסודו	שזוכה להתלכ בטלית התחתונ שסורו גלית על אנת שיהיה
94b:21	0.23	028r:22	גופו על מנת שיהיה מעשה עבות יזכה להתלבש בזוהר הנמשכ	שזוכה להתלכ בטלית התחתונ שסורו גלית על אנת שיהיה
94b:22	0.11	028r:13	מציונ שהיא הבינה הנאצל ממנה ד רגלי המרכבה עמ בסוכות שהוא	לר יאו תכנמ לעיר שהא ניונ שהוא אוי מנילית חש כל כשתאלה
94b:23	0.14	028r:25	הכתר הנאצלו ממנו ד צורות או מציצ שהוא חכמה הכולל ד צורות הנז	חנאכלו אאנח ד נחרות או אצינ שחיא חכאה חכולל ו נהרות ררגי
94b:24	0.35	028r:26	וכל זה מבואר ותבינ יותר נפלא מה שפירשנו למעלה בענינ גדילימ אמ	העכר וכל זה אממר ותבינ יותב נפלא האה שפירשנ לאעלח
94b:25	0.19	028v:2	אתה בעל שכל אמ יש לכ מעט מבוא בחכמת הטבע ואמ לאו לא יספיק	אמי נחכאת חטבע ואס לאו לא ישסק לכ זה הניאור הטנעי
94b:26	0.24	028v:2-3	לכ זה הביאור הטבעי לדעת אותו הנפלא שהוא כלי נעמי אמנמ	אמי נחכאת חטבע ואס לאו לא ישסק לכ זה הניאור הטנעי לרעת אותו חנכוח שמיא כלי טבני אאנכנ אתנ לד מעט
94b:27	0.19	028v:4	אתנ לכ מעט התעוררות בזה הסוד הנפלא וצריכ שתדע כי מציאות	התשירות בה חסיר הנפיא וכריכ אתדע כ מניאות המיואר
94b:28	0.20	028v:5	החמר הוא מנ הכח החיצוני הנק שעטנז ומציאותה מנ הע כי עקר	הוא אנ הכח חיטני הנקיא שעטנ ואניאתו אנ חעכ עא
94b:29	0.24	028v:6	קבלתה משמ ומציאות הצורה מנ הע ומציאות השכל מנ הכתר ומציאות	קסת ואשס ואניאות חצורה חומ אנ הש ואכימות השכל חיא
94b:30	0.12	027v:10	השכל והצורה לפועל אינו לא כאשר בעוד החמר ותבינ למה קרא	זו הצורה השיות כי הנחש השיאונ וכאשארח שפיה כלט
94b:31	0.50	028v:8	התורה טוב והטלית הוא החומר הכולל ארבע יסודות ומציאותו	לאמ קיא התורה טימ והטלית חוא החוא דמלל ארבע יסודות
94b:32	0.27	028v:9	משעטנז הכולל ד חיות החיצונות ולכנ שהזהירה התורה לא תלבש	ואטאותק אשעטמ חכלל ד חיות החיעשות ואה שחזהירו
94b:33	0.19	028v:10	צמר ופשתימ יחדיו שלא תשימ הבלכה ההיא ומשמ מציאות	הסרח למ ולכל באר ופלתיבו יחדיו שלא דיכ חאדה
94b:34	0.17	028v:11	הצורה שהיא כבר ראש לשועלימ שהמ צמר וצירופו רמז אמש זה	ההיא ואאנו אטאות הטרח שחיא כנ מיש ושועלימ שס
94b:35	0.31	028v:12-13	תחזיר אותו הכנפ אל מחצבו שהוא הע והכנפ הוא חיה אחת חיצונית	את וציריפו אני אאנס מס תחזיר אותו הכטו אל אחבני שהמו חע וחכנוו האא חיה אחת חיצנית ותכליל באחכמ הוא
94b:36	0.20	028v:14	ותכלול במחצב ההוא עבות שהמ ד רגלי המרכבה ובהקבצ ארבע	עבות שחס ג יגלי הארכבח ונומ ארבע חיית
94b:37	0.16	028v:15	חיות אל מחצבמ וכל אחד יהיו עבות יכונ כלמ י ב הרמזימ לט ו ומשמ	אל אחמנ וכל מחרי היו עמת וכנ מלס ימ חיא
94b:38	0.19	028r:10	מציאות השכל הכולל י ב אלכסונימ ומאחר שהמ כלולימ אינ חשש	ארכע עכי כלולת אינ חכוללימ צומת העליונת ואז יינר אחתס לאתנ
94b:39	0.15	026v:27	כלאימ עירבוביא כי תעלה נקומ להתעשר	ועליו כאמנה עיר גמלה כוא על ירואלליס ישלא עלה חוא חר חכית
94b:40	0.27	029r:1	נשלמ הסיפור שלשה עשר	הסיפור דיד יוא אור מויי האחגר אמר כי אירי ומאי רי לא