jts	word	kind	witness	witness_text
93b:18	נבוא	lemma	—	—
93b:18	שומ	lemma	026r:17	ס היכהור י
93b:19	הרהור	lemma	026r:17	ס היכהור ירוש
93b:19	ליה	lemma	026r:18	חינ ליח כעלי
93b:22	העומד	lemma	—	—
93b:22	לירושלימ	lemma	—	—
93b:22	ולציונ	lemma	—	—
93b:24	והיה	lemma	—	—
93b:24	ישראל	lemma	—	—
93b:25	עושות	lemma	—	—
93b:25	מלחמה	lemma	—	—
93b:25	אלא	lemma	—	—
93b:25	שלמה	lemma	—	—
93b:26	ירושלימ	lemma	—	—
93b:26	כולה	lemma	—	—
93b:27	צירופ	uncertain	—	—
93b:27	שאו	lemma	026v:2	שממ שאו ממס ע
93b:27	המחשבה	lemma	026v:3	ס היחשבח עד אמ
93b:28	נזר	uncertain	026v:3	ד אמ זזרו שאת
93b:28	שחרית	lemma	026v:3	לינ שחרית  ערכי
93b:28	ענני	lemma	026v:9	רונ עניניבי ט ש
93b:28	שדי	lemma	026v:9	בי ט שמרס ותבלל ג עעמי גס יו
93b:28	כלומ	uncertain	026v:10	אאשיר הני
93b:29	נושמ	uncertain	—	—
93b:30	לעקנא	uncertain	—	—
93b:35	אינ	lemma	026v:12	ממר אינ על שד
93b:35	אחד	lemma	026v:13	קומ אמד יל אס
93b:38	והשלמה	uncertain	026v:16	נזכו התטלה
93b:41	עולמ	uncertain	026v:19	א מנ על אלהס האל משכע ש
93b:41	תמשכ	uncertain	026v:20	משכע שכי שהו
93b:43	וירושלימ	lemma	026v:21	נית וירשלימ
93b:43	לה	lemma	—	—
93b:45	והוא	lemma	—	—
93b:45	גבוה	lemma	—	—
93b:46	יצאתמ	uncertain	026v:26	שהונאתת לאטה
93b:47	ועליו	lemma	026v:27	יעל ועליו כאמנ
93b:47	גדולה	lemma	026v:27	עיר גמלה כוא ע
93b:48	ומנגב	lemma	026v:28	סוז ואנגנ חר חכ
93b:48	הכית	uncertain	026v:28	נ חר חכת שהיא
93b:49	יש	lemma	027r:1	ת הע שמשה א
93b:49	להרוס	lemma	027r:1	חרומ הר חכית וש
93b:49	הבית	uncertain	027r:1	הר חכית ושאח
93b:49	ושמה	lemma	027r:1	כית ושאח שעטנ
93b:49	חמור	lemma	027r:1	י נת חאור שהוא
93b:50	ואביה	lemma	027r:2	חאל ואכיה כמר ו
93b:50	ופשתימ	lemma	027r:2	כמר ופשתי כליא
93b:50	שמעורבימ	uncertain	027r:2	יצוט כליל
93b:53	ואינ	uncertain	027r:5	ורנ גדר חארכח כי
93b:53	המשכבה	uncertain	027r:5	ר חארכח כי שע
94a:2	ואיש	lemma	—	—
94a:2	קלל	lemma	027r:8	ישת קלי תמנ ה
94a:6	כמראה	lemma	027r:12	רמד וחואת
94a:6	נחושת	lemma	027r:12	רמד וחואת אורח
94a:7	ופתיל	lemma	027r:14	זנב ופתכל בלדיו פירו
94a:8	פשתימ	lemma	027r:14	דיו פירו כי ח
94a:8	בידו	lemma	027r:14	ו פירו כי חפ
94a:9	ההד	lemma	027r:15	מיאל אחד ל
94a:9	הבדימ	lemma	—	—
94a:9	הכד	uncertain	—	—
94a:10	תת	uncertain	—	—
94a:10	ומרגלותיו	lemma	027r:16	וליתיו הוא א
94a:16	בקודש	lemma	—	—
94a:16	בעירוביה	lemma	027r:24	כנס  בקידש הקו
94a:17	לא	lemma	027r:25	נוה לא תחרי
94a:17	ובחמור	lemma	027r:25	שור ומאר יחדי
94a:18	יחדיו	lemma	027r:25	מאר יחדיו וגמ ח
94a:21	והוא	lemma	027v:4	הכת והומ יעח ה
94a:21	החמור	lemma	027v:4	יעח החאיר פי הש
94a:22	סמאל	uncertain	—	—
94a:22	רכיל	uncertain	027v:5	שא אלל פמד
94a:22	שלעטנ	uncertain	027v:5	א אלל פמד גהיא
94a:23	והיא	lemma	027v:5	פמד גהיא איסת
94a:23	האישימ	lemma	027v:5	ת כל חאילימ בשאר
94a:23	במשמרה	lemma	—	—
94a:23	נוער	lemma	027v:6	יר מעח חיא ה
94a:26	קבלתמ	uncertain	027v:8	אשת קנלת וחחומ
94a:26	וימשש	lemma	027v:8	ומר יאשש כמשר
94a:26	העור	lemma	027v:9	אשש העיר כי הח
94a:27	במשמרה	lemma	027v:9	י בח לחשינ מ
94a:28	השיגו	lemma	027v:9	בח לחשינ מורו שא
94a:29	משמרה	lemma	027v:10	ת כי הנחש השיאו
94a:29	צועקימ	lemma	027v:11	כלט  שעק שחוא
94a:33	דברי	lemma	027v:15	דמ צברי חכאל
94a:33	נשמעימ	lemma	027v:15	עחת נשאעיס וכ וא
94a:33	ומשמרה	lemma	027v:15	עיס וכ ואשארה שייש
94a:33	עמ	lemma	027v:16	ח תת עמ הע פנ
94a:34	בעלה	lemma	—	—
94a:34	תינוק	lemma	027v:17	ומז ינק שהוא
94a:35	יונק	lemma	027v:17	כלי ייננ אשדי
94a:35	אמו	lemma	027v:18	שדי אאו שהוא
94a:35	ההד	lemma	027v:18	טעל ההי אפי ע
94a:35	ויונקימ	lemma	027v:18	ליס ויו נקיס שחס חוח אלממ הכח
94a:36	יסדת	lemma	027v:20	רות יסית עז הא
94a:36	עוז	lemma	027v:20	סית עז האתע
94a:38	ושומ	lemma	027v:22	אות ואומ מוס ש
94a:38	שעטנז	lemma	027v:23	לבש שעטני ולמ
94a:39	לא	lemma	—	—
94a:39	לציונ	lemma	027v:23	נמ ולשונ שהוא
94a:39	מאי	lemma	027v:24	ואמי תקנמ
94a:39	גדילימ	lemma	027v:24	קנמ זדילי תעשח
94a:40	תעשה	lemma	027v:24	ילי תעשח לק על
94a:40	כנפות	lemma	027v:24	רבע בנפות שהח  צ
94a:40	תחת	lemma	027v:25	רות תחת השמי
94a:40	מעשה	lemma	027v:25	והס אעלה עטת ס
94a:41	עבות	lemma	027v:25	עלה עטת סוא אי של
94a:43	מדורגות	uncertain	028r:1	עדמט ואינ
94b:4	מסבב	uncertain	028r:2	לית שסורו ל
94b:4	מבחוצ	uncertain	028r:2	ת שסורו לו ו
94b:4	המחבל	uncertain	028r:3	ומת תסתכל ב ארו
94b:5	איכיות	uncertain	028r:4	לה ג איטודא וחכ אויר
94b:7	ממשכה	uncertain	028r:8	שהמ אעשח עטת יס
94b:8	בגבול	uncertain	028r:8	שח עטת יסירס
94b:10	וראיתמ	lemma	028r:10	ונת ואז יינר אחתס לאתנ הסו חשסי אלחר
94b:10	אותו	lemma	028r:11	שסי אלחר ש
94b:11	ולא	lemma	028r:11	עמת ולא תתור
94b:11	שעטנז	lemma	028r:11	חרי שעטע שפור
94b:12	לעיר	lemma	028r:13	כנמ לעיר שהא נ
94b:13	כשתעשה	lemma	028r:13	ש כל כשתאלה עסת ע
94b:13	בגדיכ	lemma	028r:14	קפנ נגדיר שסס ז
94b:14	ואז	lemma	028r:15	עמת ומז וכמת
94b:14	וראיתמ	lemma	028r:15	ומז וכמת למטה
94b:15	ויהיו	lemma	028r:16	סאר וידיו בגדי
94b:15	לבנימ	lemma	028r:16	דיק לעי כלוא
94b:16	הזהיר	lemma	—	—
94b:16	נזרו	lemma	028r:17	יטנ נזרו כלומ
94b:18	גלגל	uncertain	028r:20	ירי גלי להיות
94b:19	זוכה	lemma	028r:20	את יזבה למלי
94b:19	וציצ	lemma	028r:21	סמת וצינ יל כ ה
94b:26	נעמי	uncertain	028v:3	י טבני אאנכ
94b:30	בעוד	uncertain	028v:7	יואב ותבי
94b:33	הבלכה	uncertain	028v:10	א דיכ חאדה ההיא
94b:34	אמש	uncertain	028v:12	נס מס תחזי
94b:37	יכונ	uncertain	028v:17	א  ותת ואשס אצ
94b:37	לטו	uncertain	028v:17	תת ואשס אצ
94b:40	נשלמ	lemma	—	—
94b:40	עשר	lemma	028v:21	לחטעוד